item_id,nli_raw_gameplay,nli_raw_story,nli_raw_graphics,nli_ctr_gameplay,nli_ctr_story,nli_ctr_graphics,n_reviews,n_plot,n_characters,n_writing
B00000DMAT,0.9242,0.8119,0.7569,0.4862,-0.0533,-0.1056,23,16,7,4
B00000DMB3,0.9411,0.9023,0.7026,0.2391,0.2176,-0.1714,21,15,14,9
B00000F1GM,0.7881,0.8696,0.4046,0.3578,-0.0291,-0.1334,22,16,5,11
B00000JRSB,0.6525,0.648,0.5204,0.0589,0.0955,-0.0144,66,36,37,14
B00000K2R4,0.8964,0.8052,0.8802,0.3781,0.0278,0.3241,23,12,8,5
B00001OWYW,0.6077,0.522,0.7254,0.196,0.038,-0.1227,20,15,11,5
B00001X50M,0.7439,0.7281,0.6559,0.225,0.1584,-0.1471,28,20,18,6
B00001XDUB,0.1988,0.376,0.2527,-0.2277,0.0034,0.2509,21,11,8,3
B0000296O5,0.1368,0.2187,0.4685,0.0768,0.1521,0.051,53,31,27,12
B00002R28C,0.4459,0.4665,0.4103,0.1884,0.2228,0.1092,27,9,8,4
B00002STGL,0.8801,0.7934,0.4291,0.4985,0.0387,-0.2761,18,16,6,5
B00002STXN,0.9575,0.8027,0.8031,0.4796,0.0519,-0.0553,21,17,9,8
B00002SVFZ,0.8744,0.6466,0.8425,0.4332,-0.027,-0.0752,23,19,7,7
B000035Y6D,0.7393,0.5923,0.8953,0.2593,0.0969,0.0118,22,11,9,4
B00004TC6E,0.3438,-0.1433,0.5922,0.283,-0.0422,0.233,30,16,7,5
B00004Y57G,0.792,0.5267,0.497,0.1761,0.029,-0.0754,54,25,27,13
B00004YRQ9,0.6669,0.3645,,0.2925,-0.0099,,33,7,7,0
B00004YRQA,-0.036,-0.2649,,0.4053,-0.1668,,34,2,9,0
B00004YUWA,0.4937,0.5014,0.6822,0.0695,0.1295,-0.0714,25,16,13,11
B00005BW7Q,0.3305,0.3415,0.3938,0.1292,0.043,0.0691,23,14,10,8
B00005LOXE,0.9395,0.9178,0.8417,0.3288,0.0018,-0.0205,19,6,4,2
B00005MDZY,0.5565,-0.6592,0.8118,0.4148,-0.3901,0.2098,21,17,1,4
B00005ME6N,0.1852,0.2661,0.7159,0.1014,0.0983,-0.1407,25,14,7,1
B00005ME6O,0.4306,0.6498,0.5031,-0.0427,0.1712,-0.0861,25,14,13,7
B00005ML10,0.5133,0.5877,0.7994,0.1066,0.1266,-0.0096,34,25,20,11
B00005NCCR,0.5902,0.0913,0.7768,0.2908,-0.1315,0.0184,27,24,14,12
B00005NZ1G,0.6675,0.6404,0.9041,0.2722,0.1571,0.0989,49,31,21,9
B00005O0I2,0.8247,0.7005,0.8225,0.3241,0.0032,-0.072,42,28,15,10
B00005Q8LR,0.3701,0.2987,0.7548,0.1129,-0.0191,0.0557,29,23,14,10
B00005Q8M0,0.9404,0.6395,0.8505,0.4952,-0.0853,0.0553,38,24,10,10
B00005QDPZ,0.8139,0.6983,0.6497,0.3759,-0.0476,-0.0127,18,11,4,6
B00005QEFD,0.9336,0.7386,0.8204,0.3467,0.1215,0.2417,28,13,11,6
B00005TNI6,0.6551,0.4844,0.7188,0.1882,-0.0181,0.0451,62,40,42,24
B00005UK88,0.76,0.5344,0.6178,0.3437,0.1142,-0.1723,22,15,6,9
B00005ULXN,0.5526,0.5528,0.8447,0.1958,-0.151,-0.0716,23,15,5,2
B0000657SP,0.3976,0.2208,0.608,0.1233,-0.0155,0.3134,41,21,10,12
B000066JRN,0.5309,0.5487,0.8123,0.0515,0.0378,-0.0593,39,24,14,9
B000066TS5,0.6195,0.7776,0.7661,0.0201,0.0287,-0.0902,51,34,26,15
B000067DPM,0.5485,0.6729,0.4108,0.2459,0.2052,-0.1373,30,21,14,8
B0000696CZ,0.9112,0.7264,0.8082,0.4178,0.0186,-0.0902,48,35,22,8
B00006FWTX,0.6962,0.3287,-0.002,0.4447,-0.0235,-0.3792,21,14,10,3
B00006IJJK,0.3737,0.3375,0.8571,0.107,-0.0529,0.1646,45,33,16,11
B00006JZQZ,0.6524,0.8236,0.835,0.2212,-0.0421,0.1955,20,14,6,7
B00006LELI,0.6165,0.6182,0.8205,0.053,-0.0533,0.0596,37,23,18,12
B00006M3R6,0.7951,0.7924,0.8565,0.2381,-0.047,0.0059,25,20,14,8
B00007LV7Y,0.3085,-0.001,0.5541,0.0185,-0.1863,0.3515,29,16,16,8
B000084318,0.7748,0.6416,0.7858,0.3618,0.0242,-0.0088,40,32,20,10
B000087H7T,0.7646,0.6323,0.9707,0.0895,0.1983,0.0054,38,13,18,1
B00008H2IS,0.671,0.9257,0.809,0.5438,0.2893,0.342,21,15,3,2
B00008J7NZ,0.558,0.3401,0.888,0.277,-0.1014,0.2349,53,33,21,7
B00008RUYZ,0.1229,-0.1303,0.2034,0.1916,0.1732,0.1768,21,9,5,3
B00008URUA,0.7745,0.5983,0.5777,0.1321,-0.0977,0.2026,21,13,12,3
B000099T2E,0.8938,0.8421,0.8089,0.2571,0.0065,-0.0803,19,12,7,4
B00009WAUD,0.6627,0.9094,0.8163,0.3559,-0.0483,0.0275,25,18,1,7
B00009WAUO,0.8673,,0.8639,0.4753,,0.0239,18,15,0,7
B0000A09EM,0.2851,0.4283,0.4112,0.066,-0.0791,0.1152,23,12,7,6
B0000C7GHG,0.907,0.5715,0.8122,0.4324,0.0993,0.0674,40,18,10,9
B0000TSRA6,-0.0874,0.2034,0.3628,0.0066,0.3256,0.2593,21,13,10,4
B0001UEHP8,0.6821,0.6621,0.7498,0.3366,0.1008,0.0545,34,24,12,5
B0001VGFK2,0.697,0.7652,0.0991,0.3533,0.0715,-0.4621,36,24,13,2
B00020LZAW,0.1649,0.2565,0.289,0.0105,0.0539,0.2029,19,15,10,5
B0002A6CQ4,0.8941,0.6511,0.824,0.4362,-0.1067,0.0828,39,31,13,17
B0002B90SA,0.4296,-0.1994,0.8787,0.2825,-0.336,0.3404,23,13,14,2
B0002ILS1K,0.9575,0.8872,0.8016,0.3729,-0.0222,0.0706,22,14,8,6
B0002ILS1U,0.5193,0.6501,0.6548,0.0956,-0.0173,-0.0489,24,16,6,7
B0002RQ3ES,0.4751,0.6606,0.8273,0.096,0.0815,0.0513,24,16,10,4
B0002XL3BA,0.8006,0.789,0.7983,0.2417,-0.0103,0.1304,39,30,15,14
B00064MUIA,0.5695,0.4561,0.1537,0.3794,-0.0809,-0.0172,24,13,5,4
B0006B0O9U,0.2048,0.3463,0.4948,0.1056,0.131,0.0127,31,19,4,4
B0007TFLLC,0.4312,0.2968,0.8449,0.1208,-0.046,0.1013,20,15,14,7
B0009A4EV2,0.8247,0.5564,0.8671,0.3176,-0.0317,-0.048,29,21,16,8
B0009A4EVM,0.4502,0.5135,0.7664,0.0659,0.0604,-0.1095,34,23,18,5
B0009I6S0O,0.361,0.5998,0.6245,0.0386,0.1249,0.0833,41,28,19,8
B0009S4UOA,0.6051,0.6527,0.8831,0.2837,0.0427,-0.021,27,20,9,3
B0009SQFHA,0.3688,0.2085,0.3848,0.128,-0.0375,-0.0933,24,17,13,5
B0009UBR3A,0.6347,0.4926,0.5733,0.2436,0.0315,0.0777,21,16,12,9
B0009VXAM0,0.7651,0.451,0.8537,0.1853,-0.0566,-0.0307,35,16,13,5
B0009VXBAQ,0.6096,0.4389,0.1241,0.3332,0.0266,-0.0755,87,56,35,14
B0009XBWY6,0.746,0.873,,0.746,0.873,,19,3,1,0
B000A0EFJW,0.3916,0.5108,0.584,0.254,0.0493,0.2936,31,19,4,7
B000A2R54M,0.878,0.8317,0.8716,0.6034,-0.0737,-0.0491,23,20,3,5
B000B43OY4,0.7322,-0.0624,0.8519,0.4127,-0.1978,0.1774,31,11,13,5
B000B69E9G,0.8621,0.7057,0.8677,0.3773,1e-04,-0.072,42,27,16,8
B000B6MLUA,0.8326,0.8083,0.7623,0.2266,0.2207,-0.0457,20,12,11,1
B000B6MLV4,-0.7875,0.4468,,0.0949,0.5203,,22,1,12,0
B000B9RI14,0.7849,0.8624,,-0.0101,0.763,,48,1,8,0
B000BLM5PG,0.4145,0.2835,0.7711,0.1414,-0.0399,0.0668,24,16,11,6
B000CBVC0Y,0.3182,0.6973,0.7456,0.0625,0.1495,-0.1239,23,15,7,1
B000ERVMI8,0.7618,0.6804,0.6566,0.2032,-0.1027,0.0487,40,25,12,12
B000F3AADE,0.3604,0.2034,0.3487,0.1818,0.019,-0.2181,42,29,19,3
B000F5IH2I,0.521,0.2531,0.6203,0.2193,-0.1349,0.0731,46,29,21,18
B000FDOTIQ,-0.4003,0.2206,-0.1942,-0.1699,0.354,0.0616,18,9,10,3
B000FO4KO8,0.7963,0.5896,0.5834,0.373,0.0255,-0.0321,46,26,18,7
B000FPOJOS,0.6445,0.8574,0.7625,0.2243,-0.0571,0.0955,21,14,3,6
B000FQ2D5E,0.6848,0.7814,0.8529,0.1843,0.1005,-0.0498,131,82,56,31
B000FQ2DTA,0.4328,0.0521,0.5556,0.2344,-0.1676,0.1217,100,59,40,20
B000FQ2GUQ,0.8464,0.8324,0.8244,0.213,0.1204,-0.0862,29,19,18,6
B000FQ9QVI,0.7171,0.4167,0.839,0.361,-0.101,-0.0085,64,44,18,17
B000FQ9R4E,0.687,0.767,0.8246,0.3482,-0.0715,-0.0057,65,41,12,10
B000FQBF1M,0.4655,0.5483,0.7927,0.0634,-0.0118,0.1462,94,65,33,26
B000FQBPCQ,0.794,0.5751,0.6634,0.3336,-0.0172,-0.0691,34,27,18,8
B000FRS9II,0.6939,0.3486,0.7575,0.3268,-0.1402,0.0504,75,54,23,22
B000FRU0NU,0.5926,0.5559,0.6166,0.184,-0.0042,0.0276,89,62,35,22
B000FRU1UM,0.4796,0.4725,0.5411,0.1169,0.0183,-0.0424,71,49,33,19
B000FRV2UK,0.6774,0.701,0.8121,0.1744,0.0812,0.003,27,20,9,9
B000FRVAD4,0.1367,0.0764,0.1067,0.1139,0.0237,-0.0129,52,32,25,7
B000G0HJ3K,-0.7668,-0.6724,-0.3622,-0.3597,-0.021,0.0364,23,16,10,3
B000G75AXY,0.1151,0.1609,0.8094,-0.1358,-0.0973,0.1867,21,13,9,3
B000G7PMXC,0.9568,0.8707,0.5211,0.3985,0.0869,-0.2101,24,13,6,6
B000G7YRHO,0.0684,-0.0107,0.7945,-0.1245,-0.2137,0.248,21,11,6,4
B000G82KU4,0.7328,0.9023,0.3258,0.4298,0.2273,-0.2753,19,11,4,4
B000HCQK0A,0.5578,0.1945,0.5728,0.2967,-0.177,-0.0342,42,34,14,7
B000HKGIOA,0.3485,0.1074,0.2587,0.3254,-0.017,0.1147,32,25,12,7
B000HKP88C,0.2834,0.443,0.5848,0.0633,0.0513,0.0018,88,64,37,15
B000HX1P72,0.5201,0.3894,0.7794,0.2594,0.0477,0.1312,29,19,13,7
B000IMWK2G,0.9255,0.8986,,0.5365,-0.035,,28,12,5,0
B000IMYKQ0,0.8703,0.7753,,0.7404,0.6238,,37,7,6,0
B000JLIXIG,0.7263,0.7132,0.6911,0.1807,0.0403,-0.0635,75,53,36,13
B000JLIYLC,0.2709,0.0044,0.746,0.1895,0.002,0.471,31,17,4,5
B000K9OP2A,0.2837,0.4736,0.6561,-0.0648,0.0094,0.2998,59,38,27,18
B000K9OR4Q,0.2492,-0.1837,0.1556,0.2197,-0.118,-0.1225,21,13,5,5
B000KLNLUK,0.2814,0.0642,0.877,0.1362,-0.1716,-0.0357,22,18,15,3
B000KLNLV4,0.582,-0.0014,0.7711,0.2868,-0.3463,0.1322,23,14,9,4
B000KRXAGE,-0.2348,-0.1831,0.8857,-0.146,-0.0526,0.6341,33,19,11,1
B000LSJKAM,0.4791,0.4764,0.577,0.3234,0.1585,-0.2131,21,15,5,2
B000LXIO6I,0.3193,0.1489,0.7729,0.2452,0.33,-0.1114,23,14,4,3
B000M17AVO,0.3598,0.5832,,-0.1114,0.2803,,35,9,14,0
B000MKA60W,0.6654,0.9084,0.8064,0.0519,0.1421,0.0347,77,58,39,19
B000MUW98O,0.7132,0.5595,0.8075,0.4309,-0.1798,0.1374,44,32,6,8
B000NNDN1M,-0.1156,0.1508,0.3353,-0.1221,0.0455,0.1456,22,14,10,4
B000O3IS48,0.427,0.5712,0.4912,0.2833,0.3074,0.0608,27,17,9,5
B000OLXX86,0.4278,0.7803,0.6763,-0.1227,0.1771,-0.0669,79,50,47,15
B000P297E8,0.397,0.6331,0.7336,0.1218,0.1859,-0.1474,22,13,8,3
B000P297EI,0.488,0.1289,0.7143,0.2469,-0.1389,0.1735,37,22,11,10
B000P297F2,0.6772,0.4196,0.558,0.241,-0.0456,-0.0121,31,14,7,5
B000P46NKC,0.8342,0.9045,0.7453,0.3613,0.0453,-0.042,44,30,12,12
B000P46NMA,0.2227,0.4684,0.786,0.0188,0.2102,0.0955,148,70,55,12
B000P46NMK,0.3717,0.3362,0.7765,0.1015,-0.0415,0.1374,123,77,56,19
B000PE0HBI,0.6541,0.4723,0.4797,0.2847,0.0447,0.1635,22,14,10,5
B000QAVV6G,0.2843,-0.4734,0.8296,0.2431,-0.3616,0.0382,21,14,9,2
B000QY9C90,0.4707,-0.3418,0.332,0.4034,-0.3406,0.0359,38,25,10,7
B000R0PLK2,0.7915,0.7037,0.7917,0.4541,0.1039,-0.1214,25,16,9,5
B000R0SS3Y,-0.4734,-0.4997,-0.8667,-0.0045,0.0219,0.0649,20,12,9,1
B000R0URCE,0.413,0.5814,0.8493,0.2333,0.1703,0.1127,48,30,15,5
B000R39GPA,0.284,0.7972,0.8492,-0.0253,0.2424,0.1322,40,25,17,5
B000R3BN4M,0.8141,0.8928,0.81,0.0856,-0.0006,0.0168,23,16,10,9
B000RF7164,0.5144,,,0.5144,,,26,24,0,0
B000RHZ9G6,0.3626,-0.277,,0.4214,-0.022,,21,13,3,0
B000RHZ9JI,0.6254,0.0536,0.8327,0.3973,-0.3143,0.0306,24,17,8,4
B000SQ5LQ4,0.6311,0.5337,0.6275,0.2337,-0.026,-0.1491,52,34,21,9
B000SQ5LQE,0.107,0.0625,0.1163,0.0742,0.0246,-0.2973,26,15,13,6
B000TG530M,0.8443,0.8475,0.7072,0.4463,0.0481,-0.0612,48,37,15,13
B000TG72PG,0.765,0.3542,0.1567,0.5097,0.1231,-0.2559,21,15,6,4
B000TG72TM,0.7667,0.6417,0.8457,0.3279,-0.021,-0.058,39,32,17,8
B000TI836G,0.3367,0.1281,-0.4069,0.2564,-0.0607,0.1913,31,21,13,4
B000TLU67W,0.2498,0.3193,0.7812,-0.0609,0.1577,-0.0172,28,8,10,3
B000UC5ML0,0.9029,0.7518,0.8025,0.4328,0.009,-0.0083,56,39,21,13
B000UU3SVI,0.5891,0.505,0.7477,0.1444,-0.0401,-0.0281,59,42,28,12
B000UW1YBW,0.3962,0.5032,0.4893,-0.0868,-0.1635,0.1378,21,15,11,5
B000UW21A0,0.6438,0.79,0.8331,0.1069,0.0768,0.0344,138,90,62,39
B000V1OUVI,0.4979,0.1926,0.651,0.2728,-0.3351,-0.1505,19,14,3,3
B000VJRU44,0.7003,0.5836,0.1969,0.2073,0.0536,0.3798,49,31,29,5
B000VTQ3LU,0.4931,0.9274,,0.3465,0.6097,,60,13,6,0
B000W5Y49G,0.3509,0.6616,,0.3036,0.1648,,34,21,2,0
B000WCN8IW,0.7095,0.5514,0.8729,0.1645,-0.0737,0.2615,25,13,14,8
B000WCQWR6,0.5561,0.5956,-0.7595,0.382,-0.1011,-0.9368,30,20,5,1
B000WEQL02,0.6762,0.7782,0.8112,0.3546,0.0099,-0.0614,61,43,18,2
B000WJFZEA,0.9329,-0.8915,,0.9358,-0.8724,,30,26,4,0
B000WMEEAI,0.3269,-0.1855,,0.3889,-0.0098,,19,17,6,0
B000WMEEB2,0.7509,0.6718,0.6557,0.3061,-0.0665,-0.116,93,66,32,12
B000WMEEBC,-0.0878,-0.4023,0.7668,0.0904,-0.0756,-0.0731,32,22,12,2
B000WON6XW,0.0867,0.7014,0.8487,-0.2337,0.1827,0.415,21,9,6,4
B000WPXQSQ,0.6486,0.597,0.694,0.2094,0.1029,-0.0983,27,18,16,4
B000WQ3838,0.3651,-0.9558,0.8603,0.1445,-0.0818,0.173,20,17,2,8
B000WQWPOQ,0.4993,0.2182,0.4362,0.0688,-0.1891,-0.0772,48,42,36,10
B000WS97QI,0.7215,0.7256,0.8404,0.3021,0.0258,0.0429,65,46,22,8
B000WSE2WM,0.412,0.6793,0.7883,0.0515,0.1129,-0.1131,69,49,25,11
B000X1PE16,0.7058,0.5878,0.8443,0.2275,-0.0434,0.0957,146,117,66,53
B000X1TC0U,0.7166,0.7571,0.8494,0.222,0.0054,-0.0129,193,141,81,46
B000X25GW2,0.875,0.7301,0.3175,0.4361,0.0658,-0.3427,53,37,22,14
B000X2RKOO,0.6795,0.5019,,0.4178,0.1356,,28,14,10,0
B000X37732,0.7189,0.5405,,0.7189,0.5405,,22,1,3,0
B000XGJH1O,0.8014,0.6781,0.9266,0.1645,0.105,0.0101,46,18,20,6
B000XJK40O,0.725,0.7583,0.7289,0.3296,0.0808,0.1464,31,20,10,8
B000XJLQ24,0.2722,0.5003,0.7725,0.0528,0.0729,-0.147,45,37,19,2
B000XJNTNS,0.6134,0.6406,0.7329,0.3606,-0.0773,-0.1253,85,58,18,6
B000XJNTPG,0.202,0.446,0.8317,-0.0561,0.1878,0.0503,35,26,26,6
B000XJNTQ0,0.2199,0.4265,0.8744,0.0582,-0.1598,0.4062,34,29,8,6
B000XJO7A2,0.1563,-0.1512,0.4314,0.3511,0.047,-0.1293,33,20,14,2
B000XJS00K,-0.066,-0.1053,0.807,-0.0856,-0.1319,0.2866,22,19,14,4
B000YDIYFG,0.5701,0.4141,-0.3169,0.5438,0.1514,-0.5795,20,20,2,2
B000Z9A95M,0.6299,0.5946,0.8552,0.0667,0.1856,-0.0293,40,23,20,14
B000ZJVDA2,0.3884,0.3699,0.3299,0.1339,0.0975,0.2411,53,32,34,12
B000ZK6950,0.3745,0.1346,0.8073,0.1763,-0.0782,0.0792,109,64,29,20
B000ZK695U,-0.4503,-0.4727,-0.0395,-0.1307,-0.1176,0.0235,34,23,16,4
B000ZK696O,0.6293,0.4093,0.7908,0.3307,-0.0669,0.2139,75,52,25,17
B000ZK698C,0.4311,0.656,0.8317,0.0436,0.1746,0.2128,50,30,28,11
B000ZK7ZK8,0.6445,0.661,0.6067,0.0781,0.082,0.0487,47,41,34,18
B000ZK7ZMQ,0.6188,0.3262,0.817,0.4138,0.0524,0.024,74,45,16,10
B000ZK7ZOE,0.8367,0.7726,0.551,0.2462,-0.0225,-0.0716,205,152,110,51
B000ZK7ZOY,-0.0818,-0.4303,-0.1189,-0.0451,-0.1705,0.0107,22,18,8,4
B000ZK9QCS,0.6173,0.5207,0.7183,0.2213,0.0575,0.0118,258,143,87,50
B000ZK9QD2,0.7003,0.8265,0.7048,0.1921,0.0184,-0.0161,117,86,50,32
B000ZKA0J6,0.4863,0.2523,0.7588,0.1694,-0.1476,0.1071,68,40,24,10
B000ZKA0KA,0.3118,-0.0968,0.476,0.2821,0.0535,0.0292,27,18,8,6
B000ZKBJXC,0.4077,0.6642,0.6714,-0.0337,0.0107,0.0792,46,34,29,20
B000ZKBJY6,0.7621,0.4805,0.3562,0.2909,-0.1164,0.0195,26,16,10,6
B000ZKDOV2,0.725,0.7232,0.6636,0.3403,-0.0278,0.1651,55,41,21,5
B000ZKDOVW,0.8653,-0.1082,0.865,0.6412,-0.2218,-0.0698,29,21,9,6
B00104KCF8,-0.2847,-0.0254,,-0.1215,0.2338,,41,27,17,0
B00104KJ4C,0.9668,0.8556,-0.512,0.5877,0.2869,-0.9278,22,12,8,2
B00109KMOO,-0.1085,-0.9042,0.806,0.0294,0.0444,-0.0564,21,15,4,2
B0010AYJXI,0.2673,0.4697,0.7094,-0.1343,0.0743,0.1438,129,93,90,34
B0010EI6T2,0.5062,-0.4744,0.6024,0.4595,-0.2815,0.1841,39,29,5,6
B0010YOQIW,0.0278,0.6307,0.7996,-0.2833,0.3196,-0.0933,25,16,16,4
B0010YOQJQ,0.2371,0.1848,,0.2234,0.1629,,22,16,10,0
B00113JSCG,-0.4673,0.3109,0.7321,-0.5342,0.1043,0.4768,37,30,12,7
B00113T0VA,0.6154,0.5195,0.1021,0.4507,0.1663,0.0131,27,15,8,4
B0011BE3KA,0.18,0.5792,0.0223,0.0426,0.3867,0.0321,34,14,10,4
B00127VDVK,-0.4126,-0.5163,-0.9087,-0.1273,-0.0171,0.0583,20,14,8,2
B0012N3T3Y,0.6113,0.5086,0.5451,0.2967,0.0104,-0.0465,150,107,49,34
B0012N3ZXS,0.1403,-0.3599,0.2713,0.2659,0.2241,0.1607,36,22,8,4
B0012N5MIO,0.5582,0.3493,0.6137,0.2847,-0.0679,0.2218,75,38,8,18
B0012N746W,0.1499,-0.0909,0.4992,0.1213,-0.0372,0.1135,45,27,19,12
B0012N94WO,0.2635,0.1863,0.805,0.0994,-0.0319,0.2594,198,124,63,41
B0012NAPNQ,0.6228,0.1536,0.5321,0.4822,-0.0344,-0.0381,51,36,17,10
B00136MBHA,0.8106,0.9765,0.8192,0.0268,0.0112,-0.0757,36,24,16,8
B001383L36,0.6822,0.8631,,0.3507,0.3658,,27,12,8,0
B0013B30SY,0.9597,0.9116,,0.5741,0.2689,,26,10,6,0
B0013E9HP6,0.8516,0.8447,,0.8516,0.8447,,20,4,2,0
B0013RATNM,0.5834,0.2813,0.7414,0.3488,-0.3535,-0.1247,41,31,6,4
B0013ZGPV4,-0.4864,-0.3947,,-0.0459,0.0459,,20,8,8,0
B00140P9BA,-0.2732,0.432,0.7757,-0.4714,0.1842,-0.1118,20,10,8,2
B00149ILCK,0.3084,0.6972,0.776,-0.0032,0.1758,0.1085,42,32,19,7
B00149ILDO,0.6059,0.8591,0.8895,0.154,-0.0438,0.0129,31,25,11,8
B00149MEVY,0.3162,0.7119,0.7464,-0.1082,0.1689,0.2515,57,27,18,18
B00149MEWI,0.0531,0.0369,0.2997,-0.027,-0.0019,-0.0319,41,33,24,6
B00149ND28,0.442,-0.0555,-0.1904,0.455,0.0913,-0.5771,53,24,13,6
B00149PCAO,-0.0634,-0.0674,0.4057,-0.1728,-0.2409,0.6587,49,34,22,8
B00149V3CU,0.7253,-0.4739,0.8049,0.4515,0.2597,0.1105,24,20,2,10
B0014CN2H6,0.7054,0.7219,0.8961,0.0122,0.2367,-0.0499,29,14,20,2
B0014G26WO,0.4799,0.1349,0.5305,0.4523,0.0099,0.0731,25,17,13,9
B0014UGK8G,0.5544,0.2989,0.8618,0.2984,-0.035,-0.0688,45,37,23,4
B0014ULQB2,0.6804,-0.1461,0.7893,0.6266,-0.1405,0.1181,45,31,12,6
B0014X7SQ6,0.6308,0.6566,0.7572,-0.0271,0.0922,0.0238,65,33,37,16
B0015AARJI,0.7725,0.7824,,0.7725,0.7824,,43,3,4,0
B0015HYPOO,0.9458,0.7837,,0.5354,0.1168,,38,26,16,0
B0015HZLVA,0.8949,0.7469,0.8539,0.1826,0.126,-0.0792,46,21,24,6
B0015HZLVK,0.6301,0.7713,,0.0533,0.1945,,20,14,14,0
B00163LW7A,0.7399,0.1586,0.7428,0.3265,-0.2549,0.2016,30,20,20,8
B00163LW7K,0.7766,0.1452,0.4522,0.3848,-0.1587,0.0415,47,20,18,8
B00166N6SA,-0.0209,0.0985,-0.4082,-0.0963,-0.1354,-0.0005,24,14,8,2
B0016B28WU,0.8154,0.7633,0.7391,0.2511,0.0029,0.0125,61,30,20,8
B0016B28Y8,0.7022,0.9428,0.8007,0.1705,0.0151,-0.0552,62,39,19,10
B0016BVYA2,0.6262,0.6774,0.8603,0.2235,0.2165,-0.0308,90,49,33,8
B0016C3260,0.7795,0.5264,0.7897,0.3707,-0.0803,0.0261,78,50,36,14
B0016GABR4,0.5165,0.5965,0.8005,0.2287,-0.0444,0.0729,47,33,9,14
B0016GC9D8,0.0855,0.937,0.744,-0.3547,0.2888,-0.1034,45,28,14,8
B0016NM7BU,0.9143,0.9734,0.7637,0.5534,0.9734,-0.0785,21,14,2,6
B0016NRS8M,-0.1403,-0.0483,0.0205,-0.0633,0.0852,-0.0441,36,26,15,4
B0016PZYLS,0.1815,0.3214,0.1864,-0.1983,-0.0014,-0.0849,50,26,18,9
B00170BV6E,0.9133,0.9719,0.8355,0.4483,0.9719,-0.0558,31,23,2,12
B00178630A,0.228,-0.0788,0.1962,0.225,0.0068,-0.0145,76,53,21,10
B0017HIIWW,0.2127,-0.8093,0.1554,0.4405,0.0838,0.1851,22,16,6,6
B0017HPE6K,0.17,0.1062,,0.1576,0.0566,,32,16,4,0
B0017HPE7E,0.4959,-0.0171,0.818,0.3517,0.0201,-0.0364,20,10,4,4
B0017HW5LM,0.4501,0.6891,0.8161,-0.0062,0.0251,-0.0392,37,24,14,4
B0017Q4DGI,0.7649,0.7262,,0.5534,-0.1199,,34,16,4,0
B0017XFP86,0.9116,0.5881,,0.8243,-0.1975,,23,18,2,0
B0017ZDGWG,0.1223,0.0044,0.8533,0.0731,-0.0409,0.5669,44,23,25,4
B0017ZIIK6,0.4107,0.1391,0.2667,0.2355,-0.0398,0.1831,96,48,29,15
B001811BTO,0.8189,0.6259,,0.5502,0.0079,,25,23,10,0
B00184219U,0.735,0.8811,0.721,0.0124,0.1035,-0.0929,19,13,11,5
B00198PO5I,0.8782,0.9138,0.6753,0.1142,0.1022,-0.0327,24,13,13,3
B001ASJIRM,0.1376,0.0571,0.8316,0.0087,0.0308,0.3949,20,8,6,2
B001ASJIS6,0.2999,0.1835,0.5213,0.1092,0.0347,0.1025,43,32,19,12
B001ASJISG,0.2835,0.393,0.8225,-0.0271,0.1005,0.1768,23,17,15,7
B001AW156U,0.5996,0.5739,,-0.0246,0.0834,,22,11,14,0
B001AWBYNE,0.5606,0.685,0.9092,0.203,0.0189,0.0031,37,25,12,3
B001AWIP68,0.5039,0.4216,0.8669,0.2882,0.0922,-0.0513,43,31,15,5
B001B1W3GG,0.6492,0.6585,0.7402,0.2999,0.1444,-0.0046,52,39,30,13
B001BP4JY6,0.5723,0.4195,0.8069,0.4284,0.0661,-0.0831,23,13,3,3
B001BR95PW,0.8374,0.0714,,0.8374,0.0714,,22,2,7,0
B001CMIUYS,0.276,0.598,0.5659,-0.1941,0.128,0.3311,21,9,9,5
B001COV1CY,0.4919,-0.0449,-0.005,0.4417,-0.0285,-0.2137,25,16,2,4
B001CRM3RI,0.5612,0.0493,0.3965,0.4282,-0.2132,0.1936,22,14,4,4
B001CRM3YQ,0.1471,0.6659,0.4192,-0.1341,0.0719,-0.003,26,16,9,4
B001CRQY1E,0.8231,0.7066,0.7809,0.2468,0.0941,-0.1191,21,11,9,5
B001CRQYBO,0.2238,0.3058,0.5457,0.0562,0.0078,-0.1325,22,16,9,5
B001D25M1Q,0.4095,0.6227,0.0812,0.0666,0.219,-0.2133,23,15,11,3
B001D7T2VC,0.4964,0.5918,0.8827,0.225,0.0804,-0.0441,37,24,11,5
B001D7T2VM,0.607,0.7402,0.4224,0.0284,0.0458,-0.1491,29,18,14,2
B001E27DLM,0.9208,0.9172,0.7833,0.5179,0.4345,0.3386,20,7,4,2
B001E8VB3C,0.8485,0.7684,0.8576,0.288,-0.0433,-0.0592,44,35,23,8
B001E8VB6O,0.7704,0.9077,0.8641,0.2104,0.0886,-0.0004,68,53,34,22
B001ENPDJA,0.7465,0.8479,,-0.0881,0.6203,,21,3,11,0
B001ET07O0,0.681,0.24,0.7336,0.4331,-0.0396,-0.0293,19,16,6,3
B001G33V8S,0.6045,0.6453,0.2003,0.3165,0.1612,-0.0652,36,12,9,3
B001HWB68K,0.2239,0.235,0.5287,0.0457,0.0328,-0.0315,77,42,32,10
B001IK1BJ0,0.2227,0.5962,0.6926,-0.156,0.0907,0.1491,32,24,18,4
B001IK5TJI,0.3194,0.5824,0.3481,0.0198,0.1322,-0.1593,32,24,20,9
B001IVXI7C,0.6137,0.5889,0.7826,0.2151,-0.036,0.0738,43,36,17,11
B001JKTC9A,0.7475,0.8406,0.8185,0.1178,0.0826,-0.0207,105,76,60,45
B001NIP3EG,0.8273,0.7648,0.7535,0.3495,0.0576,-0.1515,43,33,21,6
B001NX4DUQ,0.1666,0.307,0.773,-0.1349,0.0888,0.132,30,14,15,6
B001NX6GBK,0.3755,0.55,0.712,-0.049,0.0811,0.1775,71,34,34,20
B001PKHRUK,0.7723,0.4434,0.8896,0.5327,-0.0837,0.0236,20,11,5,3
B001PKHRVE,0.8314,0.1621,0.7255,0.6026,-0.399,0.2978,21,16,5,2
B001QXNBJM,0.8086,0.5406,0.7689,0.5978,-0.0074,0.1636,20,13,5,3
B001QXNBNI,0.4235,0.6383,0.7607,0.0117,0.0227,-0.0593,29,20,12,4
B001REZLY8,0.9374,0.929,0.7216,0.5309,0.1585,-0.1032,25,17,6,5
B001RTCOWA,0.4411,0.3929,0.6704,0.174,0.0044,0.5919,23,16,11,3
B001SGZL2W,0.6669,0.7609,0.8337,0.105,-0.0004,0.0368,65,42,31,12
B001SH7YMG,0.7531,0.66,0.7841,0.2002,0.0735,-0.0297,57,38,37,13
B001TOMQVC,0.5744,0.6905,0.5253,0.0852,0.059,-0.0024,18,15,9,5
B001TOQ8NO,0.2897,-0.1125,,0.1947,-0.2075,,20,4,4,0
B001TOQ8UW,-0.1538,-0.0208,0.1375,0.0165,0.1495,0.1591,20,12,12,3
B001TORSII,0.6997,0.6888,0.7762,0.1338,0.021,-0.0152,58,41,32,13
B001UWGCW2,0.6413,0.7022,0.5202,0.2595,0.122,-0.2473,21,17,11,5
B001YI0Z2U,0.7782,0.5667,0.5988,0.3449,-0.1742,0.0658,24,21,13,9
B0022TNO7I,0.3275,0.4587,0.9181,0.0777,0.1256,-0.0332,61,37,25,5
B0022TNO7S,0.3805,0.4084,0.482,-0.0179,-0.0383,-0.0404,45,28,26,6
B0025KZV7A,0.4307,0.1682,0.8565,0.3642,-0.0534,1.0107,19,10,3,1
B00269DX5W,0.5022,0.727,0.8081,0.0078,0.0856,-0.0802,64,35,24,10
B00269DXCK,0.7652,0.9247,0.8492,0.0307,0.1133,-0.088,42,30,26,13
B00275A7LI,0.4464,0.4769,0.7718,0.2592,0.2116,0.3992,43,22,17,5
B0028IBTLG,-0.0835,0.0149,0.2901,0.0413,0.2021,-0.0092,31,18,12,3
B0029LJIFG,0.967,0.8046,,0.0812,-0.0812,,18,1,1,0
B0029MAXR2,0.7424,0.4347,0.7825,0.2613,-0.092,0.1065,22,10,4,4
B002AB7TX8,0.4234,0.512,0.6994,0.1812,0.0595,0.0428,70,47,20,6
B002BRYIJY,0.382,0.5301,0.4834,-0.0812,0.1265,-0.034,20,14,14,6
B002BRZ6UE,0.6614,0.3862,0.6998,0.3315,-0.0928,0.25,37,24,13,7
B002BRZ744,0.4908,0.2682,0.8722,0.2479,-0.0196,-0.0652,18,11,6,2
B002BRZ7JE,0.4773,0.9067,-0.4888,0.3568,0.4247,-0.9833,19,12,3,1
B002BRZ852,0.573,0.5408,0.3939,0.4581,0.0457,0.368,49,32,9,4
B002BRZ8BQ,0.2868,-0.0067,-0.136,0.3664,0.1721,0.1103,17,8,8,3
B002BRZ8FW,0.831,0.423,0.8157,0.4755,-0.1595,-0.0849,24,18,8,3
B002BRZ9G0,0.4521,0.7798,0.5414,0.3106,-0.0649,-0.2177,48,36,5,2
B002BSA1C6,0.2913,0.0685,0.2022,0.221,-0.0305,0.047,34,21,7,3
B002BSA1MQ,0.4165,0.1723,0.7472,0.1325,-0.0645,0.0802,36,25,22,7
B002BSA20M,0.3693,0.3737,0.7092,0.1758,0.0799,-0.0545,54,37,21,11
B002BSA388,0.7388,0.6705,0.7786,0.3319,-0.0336,0.022,41,22,9,7
B002BSC4ZS,0.3197,-0.0095,0.4546,0.0869,-0.1838,0.043,49,35,23,13
B002BSC54I,0.588,0.5938,0.8322,0.2188,0.0707,-0.0594,22,17,12,2
B002BSC55M,-0.1104,0.0345,0.6843,-0.0354,0.0746,0.779,21,5,7,1
B002CZ38KA,0.4621,0.6697,0.8053,-0.0319,0.1219,0.0636,75,51,46,16
B002DC8GKE,-0.7005,-0.6746,-0.5398,-0.2361,0.0347,0.1393,23,17,9,5
B002ELCUUG,0.6395,0.2463,0.7538,0.4614,-0.1868,0.8274,24,15,6,1
B002ELCV00,0.0234,-0.9337,0.1291,0.2476,-0.2532,0.0912,20,8,4,2
B002I0EMBI,0.4611,0.2341,0.8686,0.3289,0.0146,-0.0588,20,15,5,4
B002I0F5M8,0.7019,0.6773,0.6355,0.2441,0.0428,-0.0502,55,36,25,9
B002I0GZ5Y,0.7926,0.665,0.7906,0.1789,0.152,0.0552,23,11,13,5
B002I0H79C,0.6887,0.4695,0.8133,0.2479,-0.0211,0.0569,87,44,34,13
B002I0HBZW,0.091,0.1954,0.4186,-0.0182,0.0434,0.1387,42,32,22,9
B002I0IVC4,0.9041,0.8281,0.8357,0.6023,0.2227,-0.0673,23,12,3,2
B002I0J6DC,0.492,0.722,0.7078,0.1466,0.0661,0.0021,56,37,18,14
B002MED6EO,0.8003,-0.0297,,0.6599,-0.4511,,23,12,4,0
B002NN7AKU,0.8137,0.8119,0.6275,0.2926,0.2324,-0.0642,61,33,22,16
B002TDIEEK,0.5045,-0.8351,0.8862,0.493,0.0145,-0.0547,22,8,1,1
B00309U0M6,0.3977,0.5991,0.8107,0.1258,0.1325,0.1418,40,22,13,6
B00309XHD0,0.8536,0.7348,0.8827,0.2946,0.0141,0.0381,60,35,27,12
B0030F1DOO,0.3617,0.0933,0.7565,0.1459,-0.1421,-0.1226,22,12,11,3
B0030GBU2I,0.4636,0.7334,0.7401,0.0569,0.1342,0.0515,27,13,9,5
B00319DX4M,0.5902,0.7771,0.8086,-0.032,0.1278,-0.1029,40,24,23,4
B00320JAWY,0.6067,0.7613,0.8836,0.0593,0.2139,0.1621,22,11,11,3
B0037LTTRO,0.4383,0.2868,0.885,0.2491,0.0051,-0.0416,30,26,11,4
B003NSLGW2,0.9183,0.7375,,0.3845,0.2705,,33,7,8,0
B003O680ZY,0.6509,-0.9715,0.8067,0.5797,-0.7959,0.1509,19,14,4,3
B003O6E3C8,0.838,0.8571,0.3959,0.3455,-0.0047,-0.105,25,21,12,4
B003O6E67A,0.7199,0.5593,0.5769,0.2532,-0.0261,-0.0747,57,34,24,7
B003O6EATE,0.6507,0.5899,0.9005,0.244,0.0048,0.4437,22,8,4,2
B003O6EB70,0.3671,0.5467,0.8399,-0.0583,0.009,-0.0548,51,34,27,9
B003O6ECOM,0.2283,-0.2136,0.8526,0.1166,-0.3323,0.7691,20,5,4,1
B003O6JJKY,0.8652,0.6031,,0.5618,0.5331,,22,3,13,0
B003PHLT8W,0.87,0.0625,0.8255,0.5265,-0.3792,-0.0393,27,18,14,4
B003Q53VZC,-0.1028,0.0216,0.3741,-0.0946,0.0817,0.0697,27,22,18,7
B003QX4F7C,0.7048,0.5409,,0.1136,0.1468,,15,8,12,0
B003R7H5TC,0.5553,0.7749,0.8079,0.1249,0.0213,0.102,36,20,8,7
B003VUO6H4,0.6601,0.4059,0.6998,0.2419,0.0101,-0.0949,39,18,17,2
B003ZHMMEM,0.502,0.8094,0.8078,0.2378,-0.071,0.047,44,30,6,7
B003ZSP0WW,0.9052,0.6791,,0.1745,0.1311,,32,6,8,0
B00432O50W,0.7174,0.5998,,0.2852,0.0595,,17,10,8,0
B0045ZIEPY,0.4533,0.6407,,0.1011,0.2533,,23,11,10,0
B0047TG2R0,0.1527,0.0129,0.8544,0.0913,-0.0946,-0.0153,23,14,8,3
B0047TLIBU,0.2422,0.2688,0.1119,0.1478,0.1123,0.3165,29,14,14,3
B004CD9X2C,0.6421,0.5453,0.844,0.2925,0.0209,-0.0882,15,12,8,3
B004CDBP9G,0.2092,0.0767,0.0368,0.2366,0.2046,0.0403,27,18,9,6
B004EDJOYC,0.9385,-0.9245,0.8071,0.5754,-0.9556,-0.0851,20,5,1,2
B004EW948E,0.93,0.9256,0.7695,0.16,0.2239,-0.1088,22,14,14,7
B004FS8LYK,0.7564,0.7411,0.8567,0.2174,0.0513,0.0437,81,56,40,18
B004FUI84G,0.6169,0.5312,,0.4288,0.1551,,19,10,5,0
B004J6I0YO,-0.2191,-0.2223,0.9598,-0.0522,0.0559,0.0506,19,5,3,1
B004NRN5DU,0.1725,0.8191,0.0962,0.0594,0.4261,0.1174,23,15,5,4
B004PAGJOC,0.3048,0.0743,0.1842,0.1486,-0.1126,0.0235,36,22,14,5
B004RMK57U,,-0.0848,,,-0.0848,,27,0,2,0
B004UDB9SA,0.2906,0.1641,0.4936,0.2589,0.164,-0.0616,41,18,12,5
B004UDLRMS,-0.6583,-0.3972,0.9556,-0.5378,-0.1862,-0.0189,15,7,4,1
B004WLRQMI,0.7694,0.7436,0.3724,0.2627,0.2151,-0.3109,20,13,11,4
B004X56PWK,0.6672,0.5945,0.1956,0.2731,-0.081,0.1913,19,12,7,2
B004XV6ST4,0.6004,0.7952,,-0.1521,0.6279,,16,2,9,0
B004YVOCV4,0.9318,0.6302,0.8404,0.239,-0.0626,-0.0919,33,12,12,5
B004YVOCYG,0.1026,0.1507,,-0.0265,0.0216,,22,7,7,0
B00503E8S2,0.1344,0.0976,0.0855,0.1016,-0.0254,0.2038,67,37,24,7
B0050SVLI2,0.9559,0.7842,0.8467,0.4348,0.1523,0.1638,29,15,11,4
B0050SVNZ8,,0.846,,,0.846,,22,0,6,0
B0050SW2NA,0.7905,0.9133,0.8001,0.2891,0.1568,-0.0984,22,11,5,3
B0050SW8OS,0.7648,0.6781,0.7846,0.1798,0.0398,0.0465,53,30,24,19
B0050SW93S,0.8024,0.5305,0.8405,0.3929,-0.0837,0.1963,24,15,10,5
B0050SWSQQ,-0.0948,0.0498,-0.1412,0.0605,0.2679,0.4262,26,13,8,2
B0050SWUTQ,0.3283,0.0643,0.8262,0.2143,-0.0754,0.1441,48,27,21,9
B0050SWYTC,0.5922,0.4591,0.8439,0.1941,-0.0958,0.179,28,18,8,7
B0050SWZHS,0.5851,0.425,,0.4083,-0.017,,27,10,4,0
B0050SX0UY,0.9278,0.896,0.8605,0.3515,-0.0337,-0.0514,21,16,8,5
B0050SX3KG,0.9003,,0.7821,0.8196,,-0.1059,18,11,0,1
B0050SX7BQ,0.2472,0.4458,0.8462,-0.1084,0.0111,0.1463,60,33,26,8
B0050SX97I,0.8104,0.6991,0.8578,0.4108,-0.0094,-0.0644,28,12,8,2
B0050SX9VO,0.7512,0.6427,0.7652,0.4025,-0.0402,-0.103,34,24,11,3
B0050SXCQ6,0.7207,0.4211,,0.3341,-0.0514,,21,11,9,0
B0050SXGU8,0.537,0.3534,0.3574,0.2841,-0.1524,0.0534,33,20,11,7
B0050SXI6K,0.894,0.8671,0.752,0.4291,0.3629,-0.0852,37,16,5,7
B0050SXLQC,0.2016,0.2506,0.2974,0.1413,0.0925,0.0492,73,39,20,3
B0050SXU3Q,0.897,0.7068,0.7859,0.38,0.0194,0.0202,38,22,14,8
B0050SXVK8,0.5923,0.5169,0.6944,0.3448,0.1208,0.0893,34,16,10,4
B0050SXX88,0.4042,0.823,0.8932,0.2173,0.2623,-0.0682,31,15,5,1
B0050SY4DG,-0.0599,-0.0812,0.0425,0.0142,-0.018,0.0344,43,28,20,6
B0050SY5BM,0.0275,0.0288,0.4514,-0.0599,-0.1508,0.1833,26,10,10,4
B0050SY77E,0.5015,0.2745,0.1841,0.3226,-0.0138,0.0619,29,19,12,8
B0050SYILE,0.8915,0.9192,0.8255,0.1735,0.3608,-0.015,24,5,5,2
B0050SYV70,0.6186,0.5994,0.9013,0.1895,0.02,0.1293,52,32,22,6
B0050SYX8W,0.5718,0.4578,0.7179,0.0997,-0.1047,0.035,80,51,38,23
B0050SYY5E,0.7199,0.7394,0.7778,0.2487,0.0361,-0.0042,43,28,17,10
B005185SDA,0.3268,-0.1462,0.8438,0.2679,-0.1229,-0.0123,19,13,9,2
B0053B5RGI,0.938,0.9131,0.7666,0.589,-0.0253,-0.1171,28,13,3,3
B0053B66KE,0.8022,0.4066,0.4431,0.5462,-0.1055,0.0185,29,12,6,3
B0053B7ICO,0.6691,0.0695,0.9653,0.5389,-0.4164,-0.0153,20,15,2,1
B0053BCMAC,0.329,-0.7647,0.7675,0.4365,-0.3185,0.1684,25,13,5,2
B0053BCML6,0.7333,0.6428,0.8194,0.4269,0.03,-0.0419,34,18,9,2
B0053BCO00,0.7282,0.1722,0.8788,0.6463,-0.1764,0.399,55,33,5,2
B0053BCP40,0.6998,0.523,0.8409,0.2515,-0.0463,0.0592,37,23,16,7
B0053OLY9O,0.8707,0.8327,,0.2008,0.3542,,32,10,14,0
B005C2D2MO,0.4594,0.7168,0.3762,0.0587,0.1008,-0.219,50,38,17,14
B005C7R950,0.6711,0.806,0.9055,0.4059,0.5012,-0.0365,17,7,3,1
B005FYJA52,0.8309,0.8692,0.8335,0.2967,0.0801,-0.0659,23,12,7,3
B005JB84GM,0.9019,0.8277,,0.5396,0.4653,,22,5,5,0
B005LBDOLA,-0.6732,0.6234,,-0.6732,0.6234,,19,1,6,0
B005N4HBE6,0.5901,0.7261,0.9576,0.1005,0.1141,-0.0255,17,10,8,1
B005THAX5Q,-0.2516,-0.4779,-0.5768,0.0447,-0.1548,-0.0249,22,16,9,7
B005THAX6K,-0.2024,0.3752,0.2589,-0.1813,0.3855,0.0154,21,11,8,3
B005VBVQDI,0.3503,0.7858,,0.0839,0.253,,24,10,5,0
B005YR308S,0.667,0.9588,0.7803,-0.0301,0.2254,-0.0872,28,17,15,4
B0065NP6NC,0.9451,0.9752,,0.4553,0.1588,,18,10,6,0
B006GHA8EE,0.564,0.4763,0.4946,0.0607,0.0261,-0.185,27,20,17,9
B006IOAHTQ,0.9429,0.8261,0.8286,0.255,0.0958,0.0061,21,12,12,5
B006JKARN0,0.2876,0.4173,0.7137,0.1575,0.3106,0.0447,18,6,5,2
B006JKASAC,,0.3152,,,0.3152,,31,0,3,0
B006JKASCK,,0.2068,,,0.2068,,24,0,5,0
B006OI3CTS,0.545,0.567,,0.1332,0.1551,,16,6,6,0
B006PP404Q,,0.6489,,,0.6489,,25,0,8,0
B006QRNKOO,0.1864,0.4782,-0.793,0.0286,0.1626,-1.0494,21,10,5,2
B006YDPU48,0.3741,0.7134,0.8938,0.0424,-0.1408,0.0016,22,16,4,3
B006ZTHFPS,0.6621,0.7776,,0.222,0.306,,46,15,14,0
B0074LJ3CE,0.7183,0.8867,0.0777,0.3389,0.3798,-0.2986,19,10,6,2
B0076ZPYPI,0.6583,0.8369,0.3549,0.1174,0.0856,-0.3861,32,25,18,4
B007BJNR6C,0.2539,0.2446,0.7248,0.1819,0.2357,-0.1551,26,14,14,2
B007CSF3GO,0.672,0.9785,0.8265,0.129,0.0476,-0.0896,18,12,7,5
B007WQOIGW,0.371,0.5957,0.7707,0.0292,0.2228,-0.0182,15,12,11,3
B007XVTR3K,-0.0683,0.4751,,-0.144,0.229,,23,13,4,0
B0085L2T0A,0.643,0.8312,,0.5045,0.508,,16,7,3,0
B00946FSIA,0.1015,0.2992,-0.8471,0.0368,0.2216,0.0967,29,18,15,1
B0094X2066,0.9379,-0.5605,,0.9379,-0.5605,,26,2,1,0
B0094X227I,0.8801,0.7925,,0.7545,0.5413,,35,6,3,0
B009AGXH64,0.5472,0.3248,0.6082,0.275,-0.0661,-0.0445,45,25,17,6
B009EWHKAI,0.8474,0.262,-0.813,0.7537,0.2447,0.0721,23,10,3,1
B00AKIPBNS,0.5311,0.5466,0.5202,0.2382,-0.0649,0.0442,25,21,10,6
B00B67ZTUW,0.7885,0.514,0.819,0.0354,-0.0553,-0.039,20,8,12,3
B00BGA9V2Q,0.84,0.8928,0.2042,0.779,0.0454,-0.0802,22,14,1,3
B00BGA9WK2,0.4776,0.1486,0.7866,0.1592,0.0423,-0.0585,49,8,8,3
B00BGA9X9W,0.7651,0.7162,,0.7651,0.7162,,24,1,2,0
B00BGA9Y3W,-0.075,-0.5037,0.4025,0.1073,-0.1705,0.2218,100,62,36,13
B00BGA9YZK,0.2422,0.1615,0.7878,0.1002,-0.0202,0.116,112,55,37,16
B00BGA9ZZ4,-0.0245,-0.486,0.7605,-0.0637,0.0247,0.2773,31,16,4,7
B00BGAA0SU,0.7165,0.6815,0.8368,0.1776,0.0186,0.0776,65,43,28,22
B00BGAA29M,0.5703,0.2348,0.59,0.3498,-0.2051,0.1661,55,29,14,7
B00BGAA3S2,0.4025,0.704,-0.4453,0.1417,0.519,-0.6551,53,7,11,1
B00BI83EVU,0.3658,0.1667,0.6673,0.1642,-0.1056,0.1793,103,50,34,12
B00BMFIXKQ,0.8439,0.8126,0.8183,0.2062,0.0286,-0.0548,61,28,23,4
B00BMFIXOW,0.6172,0.4549,0.7904,0.1999,-0.0806,0.0006,85,43,27,9
B00BMFIXT2,0.7687,0.6662,0.8178,0.3003,-0.0071,-0.1017,36,23,16,5
B00BQI3UQG,0.6299,0.8826,0.8827,0.2448,-0.0205,-0.027,18,12,3,4
B00BRQN2EM,0.5282,0.5795,0.7663,0.2578,0.1098,-0.0562,20,15,7,4
B00BU3ZLJQ,0.4938,0.0031,-0.517,0.5679,0.1697,0.1361,22,9,4,1
B00C27SCC2,0.1152,-0.1104,0.6625,0.075,-0.1616,0.0584,42,18,16,8
B00C71034I,0.1557,0.1179,0.8447,0.0275,-0.0195,0.2486,34,15,14,3
B00C7103C0,0.4188,0.8389,0.7732,0.1784,0.1712,0.3563,18,11,4,2
B00C7103DO,0.3739,0.712,0.5237,0.0355,0.2137,-0.0464,59,27,20,7
B00CJ7IUI6,0.2872,-0.3345,,0.4475,-0.014,,19,6,3,0
B00CMQTTZ2,0.2384,0.2987,0.5158,0.0028,0.052,0.0829,37,22,18,5
B00CMQTU74,0.2025,0.5246,0.6081,-0.0722,0.0941,0.206,38,25,16,16
B00CMQTUSS,0.4988,0.4041,0.7941,0.2018,0.1666,-0.0722,48,12,15,1
B00CMQTVUA,0.5772,0.2726,0.6015,0.0996,-0.1381,-0.1341,43,21,22,7
B00CRL9TU2,0.4707,-0.039,0.7771,0.2073,-0.1441,-0.0683,19,12,6,4
B00CTKHXFO,0.9562,0.4489,,0.4943,-0.013,,24,4,4,0
B00CX6XKK6,-0.1481,0.3603,-0.0111,-0.2286,0.3207,0.0084,37,17,12,2
B00CX8VY4S,-0.1194,-0.0517,-0.0727,0.0323,0.1279,0.313,37,19,11,2
B00CX9T598,0.128,-0.2272,0.727,0.1093,-0.2632,0.9174,28,16,10,2
B00CXCCB64,0.2625,-0.1263,0.2919,0.194,-0.3004,0.168,35,18,4,4
B00CYNTHA0,0.1391,0.1489,0.8255,0.0687,0.0272,-0.057,27,19,11,2
B00D2ZK1IG,0.2855,0.1921,0.5937,0.1905,0.0274,0.3492,54,38,18,9
B00D2ZK2MQ,0.7238,0.8905,0.8145,0.2211,-0.0143,-0.0682,15,9,5,1
B00D3RBZHY,0.2123,-0.3346,0.8503,0.2044,0.0401,0.2971,39,18,7,5
B00D41GCVS,0.3313,-0.9697,0.8841,0.2104,-0.4836,-0.0043,20,14,2,3
B00D4WTO1M,0.0229,0.0642,0.3798,0.0444,0.07,0.1148,79,45,19,7
B00DB84XQK,0.8254,0.9333,0.9402,0.3426,0.0751,-0.0309,23,16,9,3
B00DB9JV5W,0.0773,-0.3341,0.8475,0.0796,-0.0775,-0.0549,21,14,7,3
B00DB9JYFY,0.5442,-0.0856,0.805,0.4287,-0.2455,0.2367,82,49,19,8
B00DBDPOZ4,,0.0478,,,0.0478,,37,0,6,0
B00DBF829C,-0.3008,0.2709,0.7658,-0.5243,0.0397,0.3609,10,3,3,2
B00DBLBMBQ,0.3179,0.5591,0.827,-0.0558,0.1014,0.1502,67,38,34,18
B00DBM1RVA,0.6729,0.6674,0.8748,0.48,0.1305,-0.0326,47,29,7,3
B00DBRM3G8,0.413,0.1975,0.8023,0.2241,-0.1216,0.2443,29,18,5,3
B00DC7G0GG,0.7288,0.8822,0.8371,0.4404,-0.0605,-0.0633,64,35,5,8
B00DC7G1WE,0.9672,0.3579,0.8374,0.5722,-0.3046,-0.0717,29,14,7,3
B00DC7G2W8,0.7276,0.7787,0.8678,0.3216,0.0628,-0.0287,72,45,6,20
B00DC7O77A,0.6507,0.452,0.5906,0.4451,0.252,0.0917,40,26,5,7
B00DD0B0BM,0.6953,0.295,0.538,0.5799,-0.1023,0.1135,46,24,9,6
B00DD0B1R0,0.6219,0.7934,0.7556,0.4642,-0.0919,0.149,45,21,1,4
B00DDXILBQ,0.2056,-0.2208,0.8609,0.2122,-0.0117,-0.0672,22,18,5,1
B00DEL3IIS,0.364,0.081,0.3215,0.2774,-0.0271,-0.0041,46,25,11,3
B00DHF39HQ,0.0536,0.4217,0.9519,-0.0884,-0.0396,-0.0223,21,13,4,1
B00DHF39L2,0.771,0.7292,0.8456,0.13,-0.0382,-0.0796,32,22,16,8
B00DHF3A4S,0.4128,0.2293,0.3377,0.2928,0.0153,0.1465,25,15,8,3
B00DHF3BZQ,0.1072,0.0624,0.0941,0.0027,-0.0304,0.0852,59,25,19,6
B00DS0MQUQ,0.4462,-0.1657,0.8674,0.3576,-0.2789,0.0153,50,23,18,3
B00DUARBTA,0.4055,0.558,0.8692,0.1124,0.1608,0.1483,24,10,5,4
B00DV16N6U,0.6332,0.6708,0.9306,0.2052,0.1261,-0.0124,33,14,11,2
B00EFFVZP0,0.0554,0.5493,0.2123,-0.105,0.2607,0.1334,31,18,10,2
B00EFFW0HC,0.4267,0.4385,0.1688,0.3628,0.4785,-0.2823,27,11,5,2
B00ENFVJJO,0.9908,0.9028,,0.0026,0.8268,,31,1,13,0
B00EZPCX1A,0.857,0.7289,,0.3271,0.199,,17,7,7,0
B00F27JGVA,,0.4716,,,0.4716,,24,0,4,0
B00FM5IY0Q,0.7821,0.4934,0.5851,0.416,-0.1049,-0.1053,48,36,18,10
B00FM5IY38,0.203,0.675,0.8158,-0.1762,0.0548,0.1771,33,17,9,7
B00FM5IY4W,0.7448,0.2019,0.7499,0.4555,-0.2399,0.099,18,9,2,4
B00G0OYHCW,0.9107,0.645,0.8151,0.3954,0.0724,-0.0627,22,10,9,1
B00G6MW540,0.7499,0.4493,0.8277,0.4657,-0.1176,0.1287,26,14,5,3
B00GANWVJE,0.8396,0.8075,0.8391,0.3814,0.1066,-0.064,47,26,17,3
B00GGUQDLS,0.8364,0.4519,0.8765,0.4344,-0.224,-0.0562,20,14,7,2
B00GGUT7E8,0.657,0.9129,0.8091,-0.0397,0.101,0.0675,37,24,20,12
B00GLZQR96,0.7074,0.3169,0.8691,0.5572,-0.1605,-0.0714,35,25,6,3
B00GMFKYJ4,0.5692,0.1383,0.8281,0.3694,-0.0394,0.4101,32,21,13,5
B00GMFKYK8,0.5227,0.3289,0.7718,0.3189,-0.0309,-0.0016,79,47,24,6
B00GODZYNA,0.6994,0.7051,0.7731,0.1579,0.1296,0.0598,100,47,47,25
B00GZ1GUNO,0.7998,0.9456,0.8426,0.2995,0.2642,0.0802,30,15,11,6
B00GZ1GUSY,0.7189,0.5015,0.7067,0.3771,-0.0271,0.0737,90,53,29,12
B00H5V9S6E,0.9187,0.8168,0.5671,0.6014,-0.0558,-0.2058,19,11,4,1
B00HD4R5YU,0.3829,0.2354,0.781,0.2318,-0.0128,0.2648,46,23,14,6
B00HGLLRV2,0.5354,0.5223,0.8712,0.1284,0.0491,-0.0441,81,39,33,9
B00HKCIT0O,-0.5417,-0.8496,0.9223,-0.3954,-0.0923,-0.0332,27,18,6,2
B00I19TXNC,0.1686,0.3628,0.6013,-0.158,-0.027,0.1303,23,14,7,6
B00I19TYW2,0.3576,0.5177,0.7697,-0.0022,0.0219,0.0892,34,20,11,8
B00I5LMSE2,0.7284,0.0254,0.8881,0.4746,0.0409,-0.0529,17,11,2,3
B00IAVDOS6,0.7002,0.5073,,0.7002,0.5073,,20,1,6,0
B00IKQDULC,0.1426,0.1646,0.8628,-0.1888,-0.0943,0.0011,22,8,7,3
B00IQCRKW0,0.0642,0.2689,0.0747,-0.07,0.0676,0.0277,20,15,10,2
B00J48MUS4,-0.1819,-0.1971,0.4709,-0.0848,0.06,0.2615,85,41,20,6
B00JAPIXX2,0.7912,0.8032,0.122,0.1826,0.0932,0.0043,20,14,12,2
B00JK00S0S,0.6488,0.7494,0.6943,0.0698,0.151,-0.0259,130,69,65,27
B00JKM06HG,0.4917,-0.114,0.7413,0.3636,-0.2358,0.1598,67,35,22,7
B00JUFT1F6,0.2738,0.3977,0.4113,0.0066,0.0805,-0.0193,50,24,22,7
B00JUFT1G0,0.345,0.2216,0.5494,0.132,0.029,0.0218,20,12,7,4
B00K31C478,0.3139,0.6948,0.2494,-0.0504,0.271,-0.3245,25,11,9,2
B00K848IH0,0.7992,0.8135,0.3192,0.5103,0.0158,-0.1867,25,9,4,3
B00KAED7OC,0.1761,-0.1359,0.8001,0.113,0.0873,-0.0705,24,15,7,4
B00KAED850,0.5552,0.2111,0.6662,0.2338,-0.0671,0.0194,80,43,26,16
B00KDJJL8A,0.0587,-0.1584,0.4572,0.1296,-0.1443,0.1517,20,15,12,4
B00KF7BE7G,0.7501,0.969,0.379,0.2797,0.1655,-0.081,21,10,7,4
B00KF7BEFS,0.9369,0.8416,,0.6239,0.2157,,16,6,3,0
B00KI2OZ9M,0.7967,0.5925,0.8085,0.3932,0.0687,0.0466,19,10,6,4
B00KME8K7O,0.2545,0.3321,0.8486,0.0308,0.105,-0.0045,27,18,14,3
B00KME8K9C,0.3313,0.0846,0.5798,0.1582,-0.3253,0.2503,17,10,4,2
B00KO97D8E,0.1622,0.0544,-0.6717,0.0247,-0.1545,0.0174,20,12,6,2
B00KOOUVNI,0.7746,0.3351,0.7235,0.3537,-0.0124,0.0201,30,12,13,2
B00KSQHX1K,0.0146,0.3796,0.7752,-0.1681,0.0454,0.0559,68,41,15,8
B00KVHSNB0,0.5677,-0.7575,,0.6766,-0.3764,,11,7,2,0
B00KVMHSUM,0.2481,0.4978,-0.725,0.2302,0.4728,-0.9103,19,7,5,1
B00KVQYJR8,0.9395,0.9141,,0.7019,-0.0363,,19,8,2,0
B00KVR4HEC,0.2834,0.3826,0.5753,0.1405,-0.0007,0.0499,96,68,16,11
B00KVRNIQU,0.6578,0.661,0.8768,0.1799,0.0582,0.0682,42,27,21,11
B00KVSQ848,0.6842,0.6465,0.9106,0.3111,0.0248,0.0474,42,20,12,2
B00KVSQAGO,0.3399,0.8562,0.755,-0.1647,0.1071,0.0299,17,10,6,2
B00KWEHBAG,0.7167,0.5355,0.7767,0.4268,-0.0919,-0.1034,32,18,7,2
B00KWF366S,0.9384,0.718,0.9189,0.606,-0.1323,-0.0321,21,14,1,4
B00KWF38AW,0.9451,0.4826,0.8226,0.6198,-0.0044,-0.058,23,14,4,4
B00KWFCSB2,0.7648,-0.1953,,0.7462,-0.2632,,23,11,3,0
B00KWFCU4M,0.6766,0.9816,0.325,0.3606,0.0022,-0.2126,15,11,3,1
B00KWFCV32,0.6903,0.4909,0.8129,0.3994,0.0942,0.8129,28,15,11,1
B00KWG4HG0,0.6113,-0.8896,0.8283,0.6143,-0.4226,0.3703,15,6,2,2
B00KWJ4JW4,0.3472,0.0545,-0.8038,0.1552,-0.1873,-0.3087,20,12,9,5
B00L4KVO78,0.4983,0.5478,0.0357,0.315,-0.0797,0.0589,26,19,8,4
B00L59D9HG,,0.8975,,,0.8975,,18,0,3,0
B00LCHZRIK,0.4765,-0.383,,0.4829,-0.3766,,12,4,4,0
B00M049CG2,0.6368,0.5122,0.7823,0.2435,0.0402,0.0555,25,12,10,4
B00M31VIOG,0.433,0.5084,0.8557,0.2484,0.1389,-0.0666,29,20,5,2
B00M3D8IPQ,0.3809,-0.1004,0.4934,0.2824,0.3906,0.1591,11,7,2,5
B00M3D8IYM,0.5224,0.1392,0.5929,0.2874,-0.3424,0.2508,40,26,12,5
B00M9TD584,0.4093,-0.0718,0.7213,0.3105,-0.1846,0.0252,26,8,7,1
B00MA5TSFQ,0.7849,0.7582,0.8406,0.3384,-0.0791,-0.0975,22,15,8,3
B00MU1YEE0,0.5016,0.2716,0.6176,0.3124,-0.038,0.0299,33,18,11,6
B00MUY0OFU,0.523,0.4822,,0.4082,0.2143,,48,14,6,0
B00MV7KVP4,0.4596,0.5126,0.6839,0.1219,0.1245,-0.0011,82,45,36,14
B00MVUKM0A,0.5205,0.7567,0.7257,0.2414,0.6083,-0.0761,20,5,4,1
B00N4ABT1C,0.8126,0.76,,0.3942,-0.0768,,23,2,1,0
B00NFXON1Q,-0.1565,0.0807,0.2896,-0.016,0.2047,0.0273,27,7,7,3
B00NMS0YYO,0.2027,0.1932,,-0.0031,-0.1007,,19,10,7,0
B00NY5Y40U,0.4608,0.8854,0.795,0.1806,0.325,0.2345,15,8,4,4
B00NY62FH8,0.7951,0.42,,0.6257,-0.2009,,22,11,3,0
B00PB9LZQI,0.9068,0.8342,0.8698,0.5123,-0.0631,-0.0387,34,16,3,5
B00PE1KNPC,0.2268,-0.5173,-0.0696,0.3479,-0.3988,0.362,30,13,6,2
B00Q03M3HY,-0.0215,-0.3028,0.4057,-0.1439,-0.25,-0.1777,23,13,3,3
B00QXJFE08,-0.0882,-0.7477,0.7701,0.1463,-0.3223,0.3014,28,16,11,2
B00R9NWTQO,0.8041,0.1851,0.7605,0.5151,-0.1918,-0.0878,18,12,5,4
B00RZ7T8TK,,0.8491,,,0.8491,,14,0,4,0
B00S1LRX3W,0.9768,0.8827,,0.9768,0.8827,,17,4,1,0
B00SHXKC8M,0.7333,0.4807,0.5887,0.3613,-0.065,0.0096,18,12,5,6
B00SX9UD8E,0.3372,-0.2257,0.6813,0.2593,0.2586,-0.1536,19,9,2,2
B00USM22DI,0.5424,0.4495,0.8714,0.2326,-0.1655,0.2806,25,14,4,4
B00VQZOIAG,0.5528,0.0203,-0.0203,0.5547,0.0219,-0.5832,23,9,11,2
B00VU4J13W,-0.1297,-0.4622,0.3412,-0.0008,-0.131,0.0049,50,23,12,3
B00VU4J8YY,0.561,0.5887,0.0783,0.3135,-0.0918,0.1123,22,11,4,2
B00W8FYFBA,-0.0633,-0.4716,0.3908,0.0671,-0.2041,0.3388,47,31,14,5
B00WOK8YX4,0.5907,-0.021,,0.4796,-0.2114,,22,12,7,0
B00WTI2HV6,0.7251,0.6561,0.6806,0.1726,0.0249,-0.1312,19,8,8,5
B00WTI3JPE,0.5767,0.8095,0.6919,0.072,0.1836,-0.0497,98,60,47,23
B00X87BLK0,0.4787,0.3728,0.7816,0.2421,-0.0647,0.7675,43,19,10,3
B00XK9OVSU,0.5627,0.6833,0.861,0.1926,0.2695,-0.0548,36,20,9,7
B00YQ1NOPM,0.6068,0.5516,0.1376,0.2668,0.1321,-0.0318,28,16,11,5
B00YQ2KCWO,0.3586,0.1917,0.3292,0.2122,-0.0149,0.1222,66,46,29,6
B00YQM1PNY,0.5516,0.7148,0.8733,0.1459,0.0529,-0.053,49,24,12,6
B00Z7V9P8K,0.3076,0.5265,0.5755,0.0561,0.1841,0.0509,79,46,28,17
B00Z9LUDX4,0.9452,0.5506,0.855,0.3011,-0.1864,-0.0366,31,18,11,10
B00Z9LUFHS,0.6237,0.2953,0.7867,0.391,-0.1775,-0.1009,22,16,6,1
B00ZJ20YQO,0.3637,-0.0043,0.9058,0.2572,-0.0833,-0.0509,24,15,8,2
B00ZJEIVB2,-0.0974,0.0137,0.6455,-0.0488,-0.0771,0.4678,13,7,4,2
B00ZM5OXD8,0.7486,0.2187,0.8473,0.4888,-0.0411,-0.0735,21,10,10,2
B00ZMBLKPG,0.5788,0.0137,0.7615,0.3145,-0.0591,0.1001,27,13,6,5
B00ZMBMO06,0.5434,0.821,0.6992,0.0438,0.1787,0.6992,26,9,7,1
B00ZPQZMUM,0.1139,0.22,-0.9282,-0.0348,0.0899,0.0061,16,7,8,1
B00ZPTMX60,0.7113,0.2921,-0.0211,0.5045,-0.0801,0.0015,18,9,5,2
B00ZQB28XK,0.1431,-0.2756,0.8555,0.1091,-0.2663,-0.0403,37,21,15,2
B00ZQBLNP4,-0.3195,0.6239,-0.2182,-0.2623,0.4971,0.0049,20,10,7,3
B00ZQC73O8,0.8275,0.7879,0.8298,0.1953,0.0416,0.0344,28,18,14,5
B00ZRZTT3W,0.5116,-0.1872,0.8136,0.4111,-0.1674,-0.09,26,17,5,2
B013H0IRO0,0.3655,0.5433,0.4148,0.0075,0.2217,-0.2517,31,14,18,4
B013HMN66M,0.7749,0.5757,0.7365,0.2296,-0.0624,0.0824,34,16,12,7
B0166QDJDQ,0.4017,0.1478,0.3958,0.2845,-0.0859,-0.0994,33,20,10,5
B0166QDJZE,0.0548,0.0127,0.92,-0.0732,-0.0209,-0.0371,13,8,2,1
B017L186MY,0.7171,-0.2298,0.044,0.6197,-0.4733,-0.4226,17,10,4,2
B017S3OPZM,0.3027,-0.6141,0.7722,0.3875,0.0387,-0.1095,13,5,2,1
B017TFOZOA,0.7712,0.7935,0.7966,0.1895,-0.0022,0.0051,21,18,12,6
B017W175Y8,0.2843,0.346,0.8284,-0.0426,-0.1162,0.105,21,14,6,6
B017W1771Y,0.9431,0.9834,0.914,0.7072,0.021,-0.0295,23,8,1,2
B018RKS1TG,0.2947,-0.057,,0.435,0.4339,,20,7,2,0
B0191J0RXA,0.5062,0.8523,0.9187,0.2711,0.288,0.0394,19,12,5,1
B019J6RYCW,-0.191,-0.4748,,-0.0055,-0.2429,,16,10,8,0
B01C93CWSI,0.8539,0.7454,0.7909,0.3844,-0.0371,-0.0563,9,5,3,1
B01C93CWU6,,-0.9921,-0.6545,,-0.1688,0.1688,6,0,1,1
B01EZA0D8Y,-0.0671,-0.0364,0.6975,-0.2431,-0.3019,0.6754,19,11,4,3
B01EZAA2ZI,-0.0365,0.2559,0.0337,-0.1293,0.1353,0.0524,18,13,10,2
B01F9HMO2K,0.6224,0.5117,0.0411,0.2966,0.0773,0.003,18,12,9,2
B01F9HMO9S,0.027,0.5756,0.3225,0.0503,0.4149,0.0416,10,7,5,3
B01GKF7T9S,0.7448,0.8897,0.7729,0.4051,0.1332,-0.0835,27,15,9,2
B01GKGVI8U,0.6924,0.5024,0.7234,0.2342,-0.0385,-0.0903,22,15,11,4
B01GKGVIB2,0.3613,0.8615,,0.0519,-0.0667,,7,3,1,0
B01GKHJP98,0.1997,0.3038,0.9367,0.2082,0.3209,-0.04,7,6,3,1
B01GW3NY5Q,-0.0378,-0.5316,-0.0996,0.1499,-0.2688,0.5112,12,7,5,2
B01GW3ODBU,0.6893,0.043,0.7088,0.4742,0.0213,-0.1302,18,8,2,2
B01GW3P9PE,,,,,,,1,0,0,0
B01GW3POY0,0.5611,0.6827,,0.211,0.0875,,26,17,10,0
